<?xml version="1.0" encoding="UTF-8"?>
<bean:beans xmlns="http://www.springframework.org/schema/batch"    
    xmlns:bean="http://www.springframework.org/schema/beans" 
    xmlns:xsi="http://www.w3.org/2001/XMLSchema-instance"    
    xmlns:p="http://www.springframework.org/schema/p" 
    xmlns:tx="http://www.springframework.org/schema/tx"    
    xmlns:aop="http://www.springframework.org/schema/aop" 
    xmlns:context="http://www.springframework.org/schema/context"    
    xmlns:jdbc="http://www.springframework.org/schema/jdbc"
    xmlns:amq="http://activemq.apache.org/schema/core"
    xsi:schemaLocation="http://www.springframework.org/schema/beans 
    http://www.springframework.org/schema/beans/spring-beans-3.0.xsd  
    http://www.springframework.org/schema/tx 
    http://www.springframework.org/schema/tx/spring-tx-3.0.xsd  
    http://www.springframework.org/schema/aop 
    http://www.springframework.org/schema/aop/spring-aop-3.0.xsd  
    http://www.springframework.org/schema/context 
    http://www.springframework.org/schema/context/spring-context-2.5.xsd
    http://www.springframework.org/schema/batch 
    http://www.springframework.org/schema/batch/spring-batch-2.2.xsd
    http://www.springframework.org/schema/jdbc 
    http://www.springframework.org/schema/jdbc/spring-jdbc-3.0.xsd 
    http://activemq.apache.org/schema/core 
    http://activemq.apache.org/schema/core/activemq-core.xsd">
    <bean:import resource="classpath:ch06/job-context.xml"/>
    
    <job id="jmsReadJob">
        <step id="jmsReadStep">
            <tasklet transaction-manager="transactionManager">
                <chunk reader="jmsItemReader" processor="creditBillProcessor" writer="creditItemWriter" commit-interval="2"></chunk>
            </tasklet>
        </step>
    </job>
    
    <!-- 读取jms -->
    <bean:bean id="jmsItemReader"
		class="org.springframework.batch.item.jms.JmsItemReader">
		<bean:property name="itemType" value="com.juxtapose.example.ch06.CreditBill"/>
		<bean:property name="jmsTemplate" ref="jmsTemplate"/>
	</bean:bean>
	
    <bean:bean id="jmsTemplate" class="org.springframework.jms.core.JmsTemplate">
		<bean:property name="connectionFactory" ref="jmsFactory"/>
		<bean:property name="defaultDestination" ref="userDestination"/>
		<bean:property name="receiveTimeout" value="500"/>
	</bean:bean> 
	
	<amq:broker useJmx="false" persistent="false" schedulerSupport="false">
    	<amq:transportConnectors>
			<amq:transportConnector uri="tcp://localhost:61616" />
		</amq:transportConnectors>
	</amq:broker>

	<amq:connectionFactory id="jmsFactory" brokerURL="tcp://localhost:61616"/>
    <amq:queue id="userDestination" physicalName="destination.creditBill" /> 
    
    <bean:bean id="creditBillProcessor" scope="step"
        class="com.juxtapose.example.ch06.CreditBillProcessor">
    </bean:bean>
    
    <bean:bean id="creditItemWriter" class="com.juxtapose.example.ch06.DummyCreditItemWriter"/>
    
</bean:beans>