<?xml version="1.0" encoding="UTF-8"?>
<bean:beans xmlns="http://www.springframework.org/schema/batch"    
    xmlns:bean="http://www.springframework.org/schema/beans" 
    xmlns:xsi="http://www.w3.org/2001/XMLSchema-instance"    
    xmlns:p="http://www.springframework.org/schema/p" 
    xmlns:tx="http://www.springframework.org/schema/tx"    
    xmlns:aop="http://www.springframework.org/schema/aop" 
    xmlns:context="http://www.springframework.org/schema/context"    
    xsi:schemaLocation="http://www.springframework.org/schema/beans 
    http://www.springframework.org/schema/beans/spring-beans-3.0.xsd  
    http://www.springframework.org/schema/tx 
    http://www.springframework.org/schema/tx/spring-tx-3.0.xsd  
    http://www.springframework.org/schema/aop 
    http://www.springframework.org/schema/aop/spring-aop-3.0.xsd  
    http://www.springframework.org/schema/context 
    http://www.springframework.org/schema/context/spring-context-2.5.xsd
    http://www.springframework.org/schema/batch 
    http://www.springframework.org/schema/batch/spring-batch-2.2.xsd">
    <bean:import resource="classpath:ch06/job-context.xml"/>
    
    <job id="billFixedLengthJob">
        <step id="billFixedLengthStep">
            <tasklet transaction-manager="transactionManager">
                <chunk reader="fixedLengthItemReader" writer="csvItemWriter" 
                    processor="creditBillProcessor" commit-interval="2">
                </chunk>
            </tasklet>
        </step>
    </job>
    
    <bean:bean id="fixedLengthItemReader"
  		class="org.springframework.batch.item.file.FlatFileItemReader">
 		<bean:property name="resource" 
 		    value="classpath:ch06/data/flat/credit-card-bill-fixed-length-201303.csv"/>
 		<bean:property name="lineMapper" ref="fixedLengthLineMapper"/>
 	</bean:bean>
 	
    <bean:bean id="fixedLengthLineMapper"
 		class="org.springframework.batch.item.file.mapping.DefaultLineMapper">
 		<bean:property name="lineTokenizer" ref="fixedLengthLineTokenizer"/>
 		<bean:property name="fieldSetMapper" ref="creditBillBeanWrapperFieldSetMapper"/>
	</bean:bean>
	
    <bean:bean id="fixedLengthLineTokenizer"
		class="org.springframework.batch.item.file.transform.FixedLengthTokenizer">
		<bean:property name="columns" value="1-16,17-26,27-34,35-53,54-72"/>
		<bean:property name="names" value="accountID,name,amount,date,address"/>
	</bean:bean>
	
    <bean:bean id="creditBillBeanWrapperFieldSetMapper" 
        class="org.springframework.batch.item.file.mapping.BeanWrapperFieldSetMapper" >
        <bean:property name="prototypeBeanName" value="creditBill" />
    </bean:bean>
    
    <bean:bean id="csvItemWriter" 
        class="org.springframework.batch.item.file.FlatFileItemWriter" 
        scope="step">
        <bean:property name="resource" value="file:target/ch06/fixedlength/outputFile.csv"/>
        <bean:property name="lineAggregator">
            <bean:bean 
                class="org.springframework.batch.item.file.transform.DelimitedLineAggregator">
                <bean:property name="delimiter" value=","></bean:property>
                <bean:property name="fieldExtractor">
                    <bean:bean 
                        class="org.springframework.batch.item.file.transform.BeanWrapperFieldExtractor">
                        <bean:property name="names" 
                             value="accountID,name,amount,date,address">
                        </bean:property>
                    </bean:bean>
                </bean:property>
            </bean:bean>
        </bean:property>
    </bean:bean>
    
    <bean:bean id="creditBill" scope="prototype"
        class="com.juxtapose.example.ch06.CreditBill">
    </bean:bean>
    
    <bean:bean id="creditBillProcessor" scope="step"
        class="com.juxtapose.example.ch06.CreditBillProcessor">
    </bean:bean>
</bean:beans>