<?xml version="1.0" encoding="UTF-8"?>
<bean:beans xmlns="http://www.springframework.org/schema/batch"    
    xmlns:bean="http://www.springframework.org/schema/beans" 
    xmlns:xsi="http://www.w3.org/2001/XMLSchema-instance"    
    xmlns:p="http://www.springframework.org/schema/p" 
    xmlns:tx="http://www.springframework.org/schema/tx"    
    xmlns:aop="http://www.springframework.org/schema/aop" 
    xmlns:context="http://www.springframework.org/schema/context"    
    xsi:schemaLocation="http://www.springframework.org/schema/beans 
    http://www.springframework.org/schema/beans/spring-beans-3.0.xsd  
    http://www.springframework.org/schema/tx 
    http://www.springframework.org/schema/tx/spring-tx-3.0.xsd  
    http://www.springframework.org/schema/aop 
    http://www.springframework.org/schema/aop/spring-aop-3.0.xsd  
    http://www.springframework.org/schema/context 
    http://www.springframework.org/schema/context/spring-context-2.5.xsd
    http://www.springframework.org/schema/batch 
    http://www.springframework.org/schema/batch/spring-batch-2.2.xsd">
    <bean:import resource="classpath:ch06/job-context.xml"/>
    
    <job id="reuseServiceReadJob">
        <step id="reuseServiceReadStep">
            <tasklet transaction-manager="transactionManager">
                <chunk reader="reuseServiceRead" processor="creditBillProcessor" writer="creditItemWriter" 
                    commit-interval="2">
                </chunk>
            </tasklet>
        </step>
    </job>
    
    <bean:bean id="reuseServiceRead"
		class="org.springframework.batch.item.adapter.ItemReaderAdapter">
		<bean:property name="targetObject" ref="existServiceAdapter"/>
		<bean:property name="targetMethod" value="nextCreditBill"/>
	</bean:bean>

    <bean:bean id="existServiceAdapter"
        class="com.juxtapose.example.ch06.reuse.CreditBillServiceAdapter">
        <bean:property name="existService" ref="existService" />
    </bean:bean>
    
	<bean:bean id="existService" 
	    class="com.juxtapose.example.ch06.reuse.ExistService" >
	</bean:bean>
	
	<bean:bean id="creditBillProcessor" scope="step"
        class="com.juxtapose.example.ch06.CreditBillProcessor">
    </bean:bean>
    
    <bean:bean id="creditItemWriter" 
        class="com.juxtapose.example.ch06.DummyCreditItemWriter"/>
            
</bean:beans>