<?xml version="1.0" encoding="UTF-8"?>
<bean:beans xmlns="http://www.springframework.org/schema/batch"    
    xmlns:bean="http://www.springframework.org/schema/beans" 
    xmlns:xsi="http://www.w3.org/2001/XMLSchema-instance"    
    xmlns:p="http://www.springframework.org/schema/p" 
    xmlns:tx="http://www.springframework.org/schema/tx"    
    xmlns:aop="http://www.springframework.org/schema/aop" 
    xmlns:context="http://www.springframework.org/schema/context"    
    xsi:schemaLocation="http://www.springframework.org/schema/beans 
    http://www.springframework.org/schema/beans/spring-beans-3.0.xsd  
    http://www.springframework.org/schema/tx 
    http://www.springframework.org/schema/tx/spring-tx-3.0.xsd  
    http://www.springframework.org/schema/aop 
    http://www.springframework.org/schema/aop/spring-aop-3.0.xsd  
    http://www.springframework.org/schema/context 
    http://www.springframework.org/schema/context/spring-context-2.5.xsd
    http://www.springframework.org/schema/batch 
    http://www.springframework.org/schema/batch/spring-batch-2.2.xsd">
    <bean:import resource="classpath:ch06/job-context.xml"/>
    
    <job id="multiLineBillJob">
        <step id="multiLineBillStep">
            <tasklet transaction-manager="transactionManager">
                <chunk reader="multiLineItemReader" writer="csvItemWriter" 
                    processor="creditBillProcessor" commit-interval="2">
                </chunk>
            </tasklet>
        </step>
    </job>
    
    <bean:bean id="multiLineItemReader"
  		class="org.springframework.batch.item.file.FlatFileItemReader">
 		<bean:property name="resource" 
 		    value="classpath:ch06/data/flat/credit-card-bill-multiline-201303.csv"/>
		<bean:property name="recordSeparatorPolicy" ref="multiLineRecordSeparatorPolicy"/>
 		<bean:property name="lineMapper" ref="lineMapper"/>
 	</bean:bean>
 	
    <bean:bean id="multiLineRecordSeparatorPolicy" 
        class="com.juxtapose.example.ch06.flat.MultiLineRecordSeparatorPolicy">
 		<bean:property name="delimiter" value=","/>
 		<bean:property name="count" value="4"/>
 	</bean:bean>
 	
    <bean:bean id="lineMapper" 
	    class="org.springframework.batch.item.file.mapping.DefaultLineMapper" >
	    <bean:property name="lineTokenizer" ref="lineTokenizer" />
	    <bean:property name="fieldSetMapper" ref="creditBillFieldSetMapper"/>
	</bean:bean>
            
    <bean:bean id="lineTokenizer" 
        class="org.springframework.batch.item.file.transform.DelimitedLineTokenizer">
        <bean:property name="delimiter" value=","/>
        <bean:property name="names" value="accountID,name,amount,date,address" />
    </bean:bean>

    <bean:bean id="creditBillFieldSetMapper"
        class="com.juxtapose.example.ch06.flat.CreditBillFieldSetMapper">
    </bean:bean>
    
    <bean:bean id="csvItemWriter" 
        class="org.springframework.batch.item.file.FlatFileItemWriter" 
        scope="step">
        <bean:property name="resource" value="file:target/ch06/multiline/outputFile.csv"/>
        <bean:property name="lineAggregator">
            <bean:bean 
                class="org.springframework.batch.item.file.transform.DelimitedLineAggregator">
                <bean:property name="delimiter" value=","></bean:property>
                <bean:property name="fieldExtractor">
                    <bean:bean 
                        class="org.springframework.batch.item.file.transform.BeanWrapperFieldExtractor">
                        <bean:property name="names" 
                             value="accountID,name,amount,date,address">
                        </bean:property>
                    </bean:bean>
                </bean:property>
            </bean:bean>
        </bean:property>
    </bean:bean>
    
    <bean:bean id="creditBill" scope="prototype"
        class="com.juxtapose.example.ch06.CreditBill">
    </bean:bean>
    
    <bean:bean id="creditBillProcessor" scope="step"
        class="com.juxtapose.example.ch06.CreditBillProcessor">
    </bean:bean>
</bean:beans>