<?xml version="1.0" encoding="UTF-8"?>
<bean:beans xmlns="http://www.springframework.org/schema/batch"    
    xmlns:bean="http://www.springframework.org/schema/beans" 
    xmlns:xsi="http://www.w3.org/2001/XMLSchema-instance"    
    xmlns:p="http://www.springframework.org/schema/p" 
    xmlns:tx="http://www.springframework.org/schema/tx"    
    xmlns:aop="http://www.springframework.org/schema/aop" 
    xmlns:context="http://www.springframework.org/schema/context"    
    xmlns:jdbc="http://www.springframework.org/schema/jdbc"
    xsi:schemaLocation="http://www.springframework.org/schema/beans 
    http://www.springframework.org/schema/beans/spring-beans-3.0.xsd  
    http://www.springframework.org/schema/tx 
    http://www.springframework.org/schema/tx/spring-tx-3.0.xsd  
    http://www.springframework.org/schema/aop 
    http://www.springframework.org/schema/aop/spring-aop-3.0.xsd  
    http://www.springframework.org/schema/context 
    http://www.springframework.org/schema/context/spring-context-2.5.xsd
    http://www.springframework.org/schema/batch 
    http://www.springframework.org/schema/batch/spring-batch-2.2.xsd
    http://www.springframework.org/schema/jdbc 
    http://www.springframework.org/schema/jdbc/spring-jdbc-3.0.xsd">
    <bean:import resource="classpath:ch06/job-context.xml"/>
    
    <jdbc:initialize-database data-source="dataSource">
		<jdbc:script location="classpath:/ch06/db/create-tables-mysql.sql" />
		<jdbc:script location="classpath:/ch06/db/create-stored-procedure-mysql.sql" />
		
	</jdbc:initialize-database>
    
    <job id="storedProcedureReadJob">
        <step id="storedProcedureReadStep">
            <tasklet transaction-manager="transactionManager">
                <chunk reader="storedProcedureItemReader" processor="creditBillProcessor" writer="creditItemWriter" commit-interval="2"></chunk>
            </tasklet>
        </step>
    </job>
    
    <bean:bean id="storedProcedureItemReader" scope="step"
        class="org.springframework.batch.item.database.StoredProcedureItemReader" >
        <bean:property name="dataSource" ref="dataSource"/>
        <bean:property name="procedureName" value="query_credit"/>
        <bean:property name="rowMapper">
            <bean:bean class="org.springframework.jdbc.core.BeanPropertyRowMapper">
                <bean:property name="mappedClass" value="com.juxtapose.example.ch06.CreditBill"/>
            </bean:bean>
        </bean:property>
    </bean:bean>
    
    <bean:bean id="storedProcedureOutItemReader" scope="step"
        class="org.springframework.batch.item.database.StoredProcedureItemReader" >
        <bean:property name="dataSource" ref="dataSource"/>
        <bean:property name="procedureName" value="query_credit"/>
        <bean:property name="refCursorPosition" value="0"/>
        <bean:property name="parameters">
	            <bean:list>
	                 <bean:bean class="org.springframework.jdbc.core.SqlOutParameter">
	                      <constructor-arg index="0" value="products"/>
	                      <constructor-arg index="1">
	                          <util:constant static-field="oracle.jdbc.OracleTypes.CURSOR"/>
	                      </constructor-arg>
	                 </bean:bean>
	            </bean:list>
	     </bean:property>
        <bean:property name="rowMapper">
            <bean:bean class="org.springframework.jdbc.core.BeanPropertyRowMapper">
                <bean:property name="mappedClass" value="com.juxtapose.example.ch06.CreditBill"/>
            </bean:bean>
        </bean:property>
    </bean:bean>
    
    <bean:bean id="creditBillProcessor" scope="step"
        class="com.juxtapose.example.ch06.CreditBillProcessor">
    </bean:bean>
    
    <bean:bean id="creditItemWriter" class="com.juxtapose.example.ch06.DummyCreditItemWriter"/>
    
</bean:beans>