<?xml version="1.0" encoding="UTF-8"?>
<bean:beans xmlns="http://www.springframework.org/schema/batch"    
    xmlns:bean="http://www.springframework.org/schema/beans" 
    xmlns:xsi="http://www.w3.org/2001/XMLSchema-instance"    
    xmlns:p="http://www.springframework.org/schema/p" 
    xmlns:tx="http://www.springframework.org/schema/tx"    
    xmlns:aop="http://www.springframework.org/schema/aop" 
    xmlns:context="http://www.springframework.org/schema/context"    
    xsi:schemaLocation="http://www.springframework.org/schema/beans 
    http://www.springframework.org/schema/beans/spring-beans-3.0.xsd  
    http://www.springframework.org/schema/tx 
    http://www.springframework.org/schema/tx/spring-tx-3.0.xsd  
    http://www.springframework.org/schema/aop 
    http://www.springframework.org/schema/aop/spring-aop-3.0.xsd  
    http://www.springframework.org/schema/context 
    http://www.springframework.org/schema/context/spring-context-2.5.xsd
    http://www.springframework.org/schema/batch 
    http://www.springframework.org/schema/batch/spring-batch-2.2.xsd">
    <bean:import resource="classpath:ch03/job-context.xml"/>
    
    <!-- 账单作业 -->
    <job id="billJob">
        <step id="billStep">
            <tasklet transaction-manager="transactionManager">
                <chunk reader="csvItemReader" writer="csvItemWriter" 
                    processor="creditBillProcessor" commit-interval="2">
                </chunk>
            </tasklet>
        </step>
    </job>
    
    <!-- 读取信用卡账单文件,CSV格式 -->
    <bean:bean id="csvItemReader"
        class="org.springframework.batch.item.file.FlatFileItemReader" 
        scope="step">
        <bean:property name="resource" 
            value="classpath:ch03/data/credit-card-bill-201303.csv"/>
        <bean:property name="lineMapper">
            <bean:bean 
                class="org.springframework.batch.item.file.mapping.DefaultLineMapper">
                <bean:property name="lineTokenizer" ref="lineTokenizer"/>
                <bean:property name="fieldSetMapper">
                    <bean:bean class="org.springframework.batch.item.file.mapping.BeanWrapperFieldSetMapper">
                        <bean:property name="prototypeBeanName" value="creditBill">
                        </bean:property>
                    </bean:bean>
                </bean:property>
            </bean:bean>
        </bean:property>
    </bean:bean>
    
    <!-- lineTokenizer -->
    <bean:bean id="lineTokenizer" 
        class="org.springframework.batch.item.file.transform.DelimitedLineTokenizer">
        <bean:property name="delimiter" value=","/>
        <bean:property name="names">
            <bean:list>
                <bean:value>accountID</bean:value>
                <bean:value>name</bean:value>
                <bean:value>amount</bean:value>
                <bean:value>date</bean:value>
                <bean:value>address</bean:value>
            </bean:list>
        </bean:property>
    </bean:bean>
    
    <!-- 写信用卡账单文件，CSV格式 -->
    <bean:bean id="csvItemWriter" 
        class="org.springframework.batch.item.file.FlatFileItemWriter" 
        scope="step">
        <bean:property name="resource" value="file:target/ch03/outputFile.csv"/>
        <bean:property name="lineAggregator">
            <bean:bean 
                class="org.springframework.batch.item.file.transform.DelimitedLineAggregator">
                <bean:property name="delimiter" value=","></bean:property>
                <bean:property name="fieldExtractor">
                    <bean:bean 
                        class="org.springframework.batch.item.file.transform.BeanWrapperFieldExtractor">
                        <bean:property name="names" 
                             value="accountID,name,amount,date,address">
                        </bean:property>
                    </bean:bean>
                </bean:property>
            </bean:bean>
        </bean:property>
    </bean:bean>
    
    <bean:bean id="creditBill" scope="prototype"
        class="com.juxtapose.example.ch03.CreditBill">
    </bean:bean>
    <bean:bean id="creditBillProcessor" scope="step"
        class="com.juxtapose.example.ch03.CreditBillProcessor">
    </bean:bean>
</bean:beans>