<?xml version="1.0" encoding="UTF-8"?>
<bean:beans xmlns="http://www.springframework.org/schema/batch"    
    xmlns:bean="http://www.springframework.org/schema/beans" 
    xmlns:xsi="http://www.w3.org/2001/XMLSchema-instance"    
    xmlns:p="http://www.springframework.org/schema/p" 
    xmlns:tx="http://www.springframework.org/schema/tx"    
    xmlns:aop="http://www.springframework.org/schema/aop" 
    xmlns:context="http://www.springframework.org/schema/context"    
    xsi:schemaLocation="http://www.springframework.org/schema/beans 
    http://www.springframework.org/schema/beans/spring-beans-3.0.xsd  
    http://www.springframework.org/schema/tx 
    http://www.springframework.org/schema/tx/spring-tx-3.0.xsd  
    http://www.springframework.org/schema/aop 
    http://www.springframework.org/schema/aop/spring-aop-3.0.xsd  
    http://www.springframework.org/schema/context 
    http://www.springframework.org/schema/context/spring-context-2.5.xsd
    http://www.springframework.org/schema/batch 
    http://www.springframework.org/schema/batch/spring-batch-2.2.xsd">
    <bean:import resource="classpath:ch07/job-context.xml"/>
    
    <job id="reuseServiceJob">
        <step id="reuseServiceStep">
            <tasklet transaction-manager="transactionManager">
                <chunk reader="flatFileItemReader" writer="reuseServiceWriter" 
                    processor="creditBillProcessor" commit-interval="2">
                </chunk>
            </tasklet>
        </step>
    </job>
    <job id="reuseServicePropertyExtractJob">
        <step id="reuseServicePropertyExtractStep">
            <tasklet transaction-manager="transactionManager">
                <chunk reader="flatFileItemReader" writer="reuseServicePropertyExtractWriter" 
                    processor="creditBillProcessor" commit-interval="2">
                </chunk>
            </tasklet>
        </step>
    </job>
    
    <bean:bean id="reuseServiceWriter" 
        class="org.springframework.batch.item.adapter.ItemWriterAdapter">
        <bean:property name="targetObject" ref="existService"/>
		<bean:property name="targetMethod" value="insert"/>
    </bean:bean>
    
    <bean:bean id="reuseServicePropertyExtractWriter" 
        class="org.springframework.batch.item.adapter.PropertyExtractingDelegatingItemWriter">
        <bean:property name="targetObject" ref="existService"/>
		<bean:property name="targetMethod" value="insert"/>
		<bean:property name="fieldsUsedAsTargetMethodArguments">
		    <bean:list>
		        <bean:value>accountID</bean:value>
		        <bean:value>name</bean:value>
		        <bean:value>amount</bean:value>
		        <bean:value>date</bean:value>
		        <bean:value>address</bean:value>
		    </bean:list>
		</bean:property>
    </bean:bean>
    
    <bean:bean id="existService" 
        class="com.juxtapose.example.ch07.reuse.ExistService"/>
    
    <bean:bean id="flatFileItemReader" scope="step"
        class="org.springframework.batch.item.file.FlatFileItemReader">
        <bean:property name="resource" 
            value="classpath:ch07/data/flat/credit-card-bill-201310.csv"/>
        <bean:property name="lineMapper" ref="lineMapper" />
    </bean:bean>
    
	<bean:bean id="lineMapper" 
	    class="org.springframework.batch.item.file.mapping.DefaultLineMapper" >
	    <bean:property name="lineTokenizer" ref="delimitedLineTokenizer" />
	    <bean:property name="fieldSetMapper" ref="creditBillFieldSetMapper"/>
	</bean:bean>
            
    <bean:bean id="delimitedLineTokenizer" 
        class="org.springframework.batch.item.file.transform.DelimitedLineTokenizer">
        <bean:property name="delimiter" value=","/>
        <bean:property name="names" value="accountID,name,amount,date,address" />
    </bean:bean>

    <bean:bean id="creditBillFieldSetMapper"
        class="com.juxtapose.example.ch07.flat.CreditBillFieldSetMapper">
    </bean:bean>
    
    <bean:bean id="creditBill" scope="prototype"
        class="com.juxtapose.example.ch07.CreditBill">
    </bean:bean>
    
    <bean:bean id="creditBillProcessor" scope="step"
        class="com.juxtapose.example.ch07.CreditBillProcessor">
    </bean:bean>
</bean:beans>