<?xml version="1.0" encoding="UTF-8"?>
<bean:beans xmlns="http://www.springframework.org/schema/batch"    
    xmlns:bean="http://www.springframework.org/schema/beans" 
    xmlns:xsi="http://www.w3.org/2001/XMLSchema-instance"    
    xmlns:p="http://www.springframework.org/schema/p" 
    xmlns:tx="http://www.springframework.org/schema/tx"    
    xmlns:aop="http://www.springframework.org/schema/aop" 
    xmlns:context="http://www.springframework.org/schema/context"    
    xsi:schemaLocation="http://www.springframework.org/schema/beans 
    http://www.springframework.org/schema/beans/spring-beans-3.0.xsd  
    http://www.springframework.org/schema/tx 
    http://www.springframework.org/schema/tx/spring-tx-3.0.xsd  
    http://www.springframework.org/schema/aop 
    http://www.springframework.org/schema/aop/spring-aop-3.0.xsd  
    http://www.springframework.org/schema/context 
    http://www.springframework.org/schema/context/spring-context-2.5.xsd
    http://www.springframework.org/schema/batch 
    http://www.springframework.org/schema/batch/spring-batch-2.2.xsd">
    <bean:import resource="classpath:ch07/job-context.xml"/>
    
    <job id="classifierCompositeWriteJob">
        <step id="classifierCompositeWriteStep">
            <tasklet transaction-manager="transactionManager">
                <chunk reader="flatFileItemReader" writer="classifierCompositeWriter" 
                    processor="creditBillProcessor" commit-interval="2">
                    <streams>
            			<stream ref="flatFileItemWriterLarge" />
            			<stream ref="flatFileItemWriterSmall" />
          			</streams>
                </chunk>
            </tasklet>
        </step>
    </job>
    
    <bean:bean id="classifierCompositeWriter" 
        class="org.springframework.batch.item.support.ClassifierCompositeItemWriter">
	        <bean:property name="classifier" ref="backToBackClassifier">
	    </bean:property>
    </bean:bean>
    
    <bean:bean id="backToBackClassifier" class="org.springframework.classify.BackToBackPatternClassifier" >
		<bean:property name="routerDelegate" ref="creditBillRouterClassifier" />
		<bean:property name="matcherMap">
			<bean:map>
		    	<bean:entry key="large" value-ref="flatFileItemWriterLarge" />
		    	<bean:entry key="small" value-ref="flatFileItemWriterSmall" />
		 	</bean:map>
		</bean:property>
	</bean:bean>
	
    <bean:bean id="creditBillRouterClassifier" 
        class="com.juxtapose.example.ch07.classifiercomposite.CreditBillRouterClassifier">
    </bean:bean>
    
    <bean:bean id="flatFileItemWriterLarge" 
        class="org.springframework.batch.item.file.FlatFileItemWriter">
        <bean:property name="resource" value="file:target/ch07/composite/classify/outputFile_Large.csv"/>
        <bean:property name="lineAggregator" ref="lineAggregator"/>
    </bean:bean>
    
    <bean:bean id="flatFileItemWriterSmall" 
        class="org.springframework.batch.item.file.FlatFileItemWriter">
        <bean:property name="resource" value="file:target/ch07/composite/classify/outputFile_Small.csv"/>
        <bean:property name="lineAggregator" ref="lineAggregator"/>
    </bean:bean>
    
    <bean:bean id="lineAggregator"
                class="org.springframework.batch.item.file.transform.DelimitedLineAggregator">
         <bean:property name="delimiter" value=","></bean:property>
         <bean:property name="fieldExtractor">
             <bean:bean 
                 class="org.springframework.batch.item.file.transform.BeanWrapperFieldExtractor">
                 <bean:property name="names" 
                      value="accountID,name,amount,date,address">
                 </bean:property>
             </bean:bean>
         </bean:property>
     </bean:bean>
     
    <bean:bean id="flatFileItemReader" scope="step"
        class="org.springframework.batch.item.file.FlatFileItemReader">
        <bean:property name="resource" 
            value="classpath:ch07/data/flat/credit-card-bill-201310.csv"/>
        <bean:property name="lineMapper" ref="lineMapper" />
    </bean:bean>
    
	<bean:bean id="lineMapper" 
	    class="org.springframework.batch.item.file.mapping.DefaultLineMapper" >
	    <bean:property name="lineTokenizer" ref="delimitedLineTokenizer" />
	    <bean:property name="fieldSetMapper" ref="creditBillFieldSetMapper"/>
	</bean:bean>
            
    <bean:bean id="delimitedLineTokenizer" 
        class="org.springframework.batch.item.file.transform.DelimitedLineTokenizer">
        <bean:property name="delimiter" value=","/>
        <bean:property name="names" value="accountID,name,amount,date,address" />
    </bean:bean>

    <bean:bean id="creditBillFieldSetMapper"
        class="com.juxtapose.example.ch07.flat.CreditBillFieldSetMapper">
    </bean:bean>
    
    <bean:bean id="creditBill" scope="prototype"
        class="com.juxtapose.example.ch07.CreditBill">
    </bean:bean>
    
    <bean:bean id="creditBillProcessor" scope="step"
        class="com.juxtapose.example.ch07.CreditBillProcessor">
    </bean:bean>
    
</bean:beans>