<?xml version="1.0" encoding="UTF-8"?>
<bean:beans xmlns="http://www.springframework.org/schema/batch"    
    xmlns:bean="http://www.springframework.org/schema/beans" 
    xmlns:xsi="http://www.w3.org/2001/XMLSchema-instance"    
    xmlns:p="http://www.springframework.org/schema/p" 
    xmlns:tx="http://www.springframework.org/schema/tx"    
    xmlns:aop="http://www.springframework.org/schema/aop" 
    xmlns:context="http://www.springframework.org/schema/context"    
    xmlns:jdbc="http://www.springframework.org/schema/jdbc"
    xsi:schemaLocation="http://www.springframework.org/schema/beans 
    http://www.springframework.org/schema/beans/spring-beans-3.0.xsd  
    http://www.springframework.org/schema/tx 
    http://www.springframework.org/schema/tx/spring-tx-3.0.xsd  
    http://www.springframework.org/schema/aop 
    http://www.springframework.org/schema/aop/spring-aop-3.0.xsd  
    http://www.springframework.org/schema/context 
    http://www.springframework.org/schema/context/spring-context-2.5.xsd
    http://www.springframework.org/schema/batch 
    http://www.springframework.org/schema/batch/spring-batch-2.2.xsd
    http://www.springframework.org/schema/jdbc 
    http://www.springframework.org/schema/jdbc/spring-jdbc-3.0.xsd">
    <bean:import resource="classpath:ch07/job-context.xml"/>
    
    <jdbc:initialize-database data-source="dataSource">
		<jdbc:script location="classpath:/ch07/db/create-tables-mysql.sql" />
	</jdbc:initialize-database>
    
    <job id="dbWriteJob">
        <step id="dbWriteStep">
            <tasklet transaction-manager="transactionManager">
                <chunk reader="jdbcItemReader" processor="creditBillProcessor" 
                    writer="jdbcSetterItemWriter" commit-interval="2">
                </chunk>
            </tasklet>
        </step>
    </job>
    
    <bean:bean id="jdbcItemWriter" 
        class="org.springframework.batch.item.database.JdbcBatchItemWriter">
        <bean:property name="dataSource" ref="dataSource"/>
        <bean:property name="sql" value="insert into t_destcredit (ID,ACCOUNTID,NAME,AMOUNT,DATE,ADDRESS) values (:id,:accountID,:name,:amount,:date,:address)"/>
        <bean:property name="itemSqlParameterSourceProvider">
            <bean:bean class="org.springframework.batch.item.database.BeanPropertyItemSqlParameterSourceProvider"/>
        </bean:property>
    </bean:bean>
    
    <bean:bean id="jdbcSetterItemWriter" 
        class="org.springframework.batch.item.database.JdbcBatchItemWriter">
        <bean:property name="dataSource" ref="dataSource"/>
        <bean:property name="sql" value="insert into t_destcredit (ID,ACCOUNTID,NAME,AMOUNT,DATE,ADDRESS) values (?,?,?,?,?,?)"/>
        <bean:property name="itemPreparedStatementSetter">
            <bean:bean class="com.juxtapose.example.ch07.jdbc.DestCreditBillItemPreparedStatementSetter"/>
        </bean:property>
    </bean:bean>
    
	<!-- 读取db -->
    <bean:bean id="jdbcItemReader" scope="step"
        class="org.springframework.batch.item.database.JdbcCursorItemReader" >
        <bean:property name="dataSource" ref="dataSource"/>
        <bean:property name="sql" value="select ID,ACCOUNTID,NAME,AMOUNT,DATE,ADDRESS from t_credit where id between 1 and 5 "/>
        <bean:property name="rowMapper">
            <bean:bean class="org.springframework.jdbc.core.BeanPropertyRowMapper">
                <bean:property name="mappedClass" value="com.juxtapose.example.ch07.db.CreditBill"/>
            </bean:bean>
        </bean:property>
    </bean:bean>
    <!-- End 读取db -->
    
    <bean:bean id="creditBillProcessor" scope="step"
        class="com.juxtapose.example.ch07.db.CreditBillProcessor">
    </bean:bean>
    
    
</bean:beans>