<?xml version="1.0" encoding="UTF-8"?>
<bean:beans xmlns="http://www.springframework.org/schema/batch"    
    xmlns:bean="http://www.springframework.org/schema/beans" 
    xmlns:xsi="http://www.w3.org/2001/XMLSchema-instance"    
    xmlns:p="http://www.springframework.org/schema/p" 
    xmlns:tx="http://www.springframework.org/schema/tx"    
    xmlns:aop="http://www.springframework.org/schema/aop" 
    xmlns:context="http://www.springframework.org/schema/context"    
    xsi:schemaLocation="http://www.springframework.org/schema/beans 
    http://www.springframework.org/schema/beans/spring-beans-3.0.xsd  
    http://www.springframework.org/schema/tx 
    http://www.springframework.org/schema/tx/spring-tx-3.0.xsd  
    http://www.springframework.org/schema/aop 
    http://www.springframework.org/schema/aop/spring-aop-3.0.xsd  
    http://www.springframework.org/schema/context 
    http://www.springframework.org/schema/context/spring-context-2.5.xsd
    http://www.springframework.org/schema/batch 
    http://www.springframework.org/schema/batch/spring-batch-2.2.xsd">
    <bean:import resource="classpath:ch07/job-context.xml"/>
    
    <job id="itemReadJob">
        <step id="itemReadStep">
            <tasklet transaction-manager="transactionManager">
                <chunk reader="creditItemRead" processor="creditBillProcessor" writer="creditItemWriter" 
                    commit-interval="2">
                    <listeners>
                        <listener ref="sysoutItemWriteListener"></listener>
	                    <listener ref="sysoutAnnotationItemWriteListener"></listener>
                    </listeners>
                </chunk>
                <listeners>
                </listeners>
            </tasklet>
        </step>
    </job>
    
    <job id="errorItemReadJob">
        <step id="errorItemReadStep">
            <tasklet transaction-manager="transactionManager">
                <chunk reader="creditItemRead" processor="creditBillProcessor" 
                    writer="creditItemWriter" commit-interval="2">
                    <listeners>
                        <listener ref="errorItemWriteListener"></listener>
                    </listeners>
                </chunk>
            </tasklet>
        </step>
    </job>
    
    
    <job id="mergeChunkJob">
        <step id="subChunkStep" parent="abstractParentStep">
          <tasklet>
				<chunk reader="creditItemRead" processor="creditBillProcessor" 
				    writer="creditItemWriter" >
				  <listeners merge="true">
						<listener ref="sysoutAnnotationItemWriteListener"></listener>
				  </listeners>
				</chunk>
		  </tasklet>
        </step>
    </job>
    
    <step id="abstractParentStep" abstract="true">
        <tasklet>
            <chunk commit-interval="2" >
		        <listeners>
					<listener ref="sysoutItemWriteListener"></listener>
				</listeners>
            </chunk>
        </tasklet>
    </step>
    
    
    
    
    <bean:bean id="errorItemWriteListener"
		class="com.juxtapose.example.ch07.listener.ErrorItemWriteListener">
	</bean:bean>
	
    <bean:bean id="sysoutItemWriteListener"
		class="com.juxtapose.example.ch07.listener.SystemOutItemWriteListener">
	</bean:bean>
	
    <bean:bean id="sysoutAnnotationItemWriteListener"
		class="com.juxtapose.example.ch07.listener.SystemOutAnnotation">
	</bean:bean>
	
    <bean:bean id="creditItemRead"
		class="com.juxtapose.example.ch07.DummyCreditItemReader">
	</bean:bean>
	
	<bean:bean id="creditBillProcessor" scope="step"
        class="com.juxtapose.example.ch07.CreditBillProcessor">
    </bean:bean>
    
    <bean:bean id="creditItemWriter" 
        class="com.juxtapose.example.ch07.DummyCreditItemWriter"/>
            
</bean:beans>