<?xml version="1.0" encoding="UTF-8"?>
<bean:beans xmlns="http://www.springframework.org/schema/batch"    
    xmlns:bean="http://www.springframework.org/schema/beans" 
    xmlns:xsi="http://www.w3.org/2001/XMLSchema-instance"    
    xmlns:p="http://www.springframework.org/schema/p" 
    xmlns:tx="http://www.springframework.org/schema/tx"    
    xmlns:aop="http://www.springframework.org/schema/aop" 
    xmlns:context="http://www.springframework.org/schema/context"    
    xsi:schemaLocation="http://www.springframework.org/schema/beans 
    http://www.springframework.org/schema/beans/spring-beans-3.0.xsd  
    http://www.springframework.org/schema/tx 
    http://www.springframework.org/schema/tx/spring-tx-3.0.xsd  
    http://www.springframework.org/schema/aop 
    http://www.springframework.org/schema/aop/spring-aop-3.0.xsd  
    http://www.springframework.org/schema/context 
    http://www.springframework.org/schema/context/spring-context-2.5.xsd
    http://www.springframework.org/schema/batch 
    http://www.springframework.org/schema/batch/spring-batch-2.2.xsd">
    <bean:import resource="classpath:ch11/job-context.xml"/>
    <bean:import resource="classpath:ch11/job-context-db.xml"/>
    
    <job id="partitionJob">
		<step id="partitionStep">
			<partition step="partitionReadWriteStep" partitioner="filePartitioner">
				<handler grid-size="2" task-executor="taskExecutor"/>
			</partition>
		</step>
	</job>
	
	<step id="partitionReadWriteStep">
		<tasklet>
			<chunk reader="flatFileItemReader" writer="jdbcItemWriter" 
			    processor="creditBillProcessor" commit-interval="2" />
			 <listeners>
                  <listener ref="partitionItemReadListener"></listener>
             </listeners>
		</tasklet>
	</step>
	
	<bean:bean id="filePartitioner" 
	    class="org.springframework.batch.core.partition.support.MultiResourcePartitioner">
		<bean:property name="keyName" value="fileName"/>
		<bean:property name="resources" value="classpath:/ch11/data/*.csv"/>
	</bean:bean>
	
	<bean:bean id="flatFileItemReader" scope="step"
        class="org.springframework.batch.item.file.FlatFileItemReader">
        <bean:property name="resource" 
            value="#{stepExecutionContext[fileName]}"/>
        <bean:property name="lineMapper" ref="lineMapper" />
    </bean:bean>
    
	<bean:bean id="lineMapper" 
	    class="org.springframework.batch.item.file.mapping.DefaultLineMapper" >
	    <bean:property name="lineTokenizer" ref="delimitedLineTokenizer" />
	    <bean:property name="fieldSetMapper" ref="creditBillFieldSetMapper"/>
	</bean:bean>
	
	<bean:bean id="delimitedLineTokenizer" 
        class="org.springframework.batch.item.file.transform.DelimitedLineTokenizer">
        <bean:property name="delimiter" value=","/>
        <bean:property name="names" value="id,accountID,name,amount,date,address" />
    </bean:bean>

    <bean:bean id="creditBillFieldSetMapper"
        class="com.juxtapose.example.ch11.partition.CreditBillFieldSetMapper">
    </bean:bean>
    
    <bean:bean id="jdbcItemWriter" 
        class="org.springframework.batch.item.database.JdbcBatchItemWriter">
        <bean:property name="dataSource" ref="dataSource"/>
        <bean:property name="sql" value="insert into t_destcredit (ID,ACCOUNTID,NAME,AMOUNT,DATE,ADDRESS) values (:id,:accountID,:name,:amount,:date,:address)"/>
        <bean:property name="itemSqlParameterSourceProvider">
            <bean:bean class="org.springframework.batch.item.database.BeanPropertyItemSqlParameterSourceProvider"/>
        </bean:property>
    </bean:bean>
    
    <bean:bean id="creditBillProcessor" scope="step"
        class="com.juxtapose.example.ch11.partition.CreditBillProcessor">
    </bean:bean>

    <bean:bean id="taskExecutor"
		class="org.springframework.scheduling.concurrent.ThreadPoolTaskExecutor">
		<bean:property name="corePoolSize" value="5"/>
		<bean:property name="maxPoolSize" value="15"/>
	</bean:bean>
	
    <bean:bean id="partitionItemReadListener"
		class="com.juxtapose.example.ch11.partition.PartitionStepExecutionListener">
	</bean:bean>
	
</bean:beans>