<?xml version="1.0" encoding="UTF-8"?>
<bean:beans xmlns="http://www.springframework.org/schema/batch"    
    xmlns:bean="http://www.springframework.org/schema/beans" 
    xmlns:xsi="http://www.w3.org/2001/XMLSchema-instance"    
    xmlns:p="http://www.springframework.org/schema/p" 
    xmlns:tx="http://www.springframework.org/schema/tx"    
    xmlns:aop="http://www.springframework.org/schema/aop" 
    xmlns:context="http://www.springframework.org/schema/context"    
    xsi:schemaLocation="http://www.springframework.org/schema/beans 
    http://www.springframework.org/schema/beans/spring-beans-3.0.xsd  
    http://www.springframework.org/schema/tx 
    http://www.springframework.org/schema/tx/spring-tx-3.0.xsd  
    http://www.springframework.org/schema/aop 
    http://www.springframework.org/schema/aop/spring-aop-3.0.xsd  
    http://www.springframework.org/schema/context 
    http://www.springframework.org/schema/context/spring-context-2.5.xsd
    http://www.springframework.org/schema/batch 
    http://www.springframework.org/schema/batch/spring-batch-2.2.xsd">
    <bean:import resource="classpath:ch05/job-context.xml"/>
    <bean:import resource="classpath:ch05/job-context-db.xml"/>

    
    <job id="transactionPolicyJob">
        <step id="transactionPolicyStep">
          <tasklet>
				<chunk reader="reader" processor="processor" writer="writer" 
				    commit-interval="5" processor-transactional="true" retry-limit="3">
				    <retryable-exception-classes>
				        <include class="java.lang.RuntimeException" />
				    </retryable-exception-classes>
         		</chunk>
		  </tasklet>
        </step>
    </job>
    
    <bean:bean id="reader" class="com.juxtapose.example.ch05.AutoReader" >
        <bean:property name="maxCount" value="100" />
    </bean:bean>
    <bean:bean id="processor" class="com.juxtapose.example.ch05.TransactionItemProcessor">
        <bean:property name="errorCount" value="3"></bean:property>
    </bean:bean>
	<bean:bean id="writer" class="com.juxtapose.example.ch05.ConsoleWriter" />
</bean:beans>