<?xml version="1.0" encoding="UTF-8"?>
<bean:beans xmlns="http://www.springframework.org/schema/batch"    
    xmlns:bean="http://www.springframework.org/schema/beans" 
    xmlns:xsi="http://www.w3.org/2001/XMLSchema-instance"    
    xmlns:p="http://www.springframework.org/schema/p" 
    xmlns:tx="http://www.springframework.org/schema/tx"    
    xmlns:aop="http://www.springframework.org/schema/aop" 
    xmlns:context="http://www.springframework.org/schema/context"    
    xsi:schemaLocation="http://www.springframework.org/schema/beans 
    http://www.springframework.org/schema/beans/spring-beans-3.0.xsd  
    http://www.springframework.org/schema/tx 
    http://www.springframework.org/schema/tx/spring-tx-3.0.xsd  
    http://www.springframework.org/schema/aop 
    http://www.springframework.org/schema/aop/spring-aop-3.0.xsd  
    http://www.springframework.org/schema/context 
    http://www.springframework.org/schema/context/spring-context-2.5.xsd
    http://www.springframework.org/schema/batch 
    http://www.springframework.org/schema/batch/spring-batch-2.2.xsd">
    <bean:import resource="classpath:ch05/job-context.xml"/>

    
    <job id="skipJob">
        <step id="skipStep">
          <tasklet>
				<chunk reader="reader" processor="processor" writer="writer" 
				    commit-interval="1" skip-limit="20">
				    <skippable-exception-classes>
				        <include class="java.lang.RuntimeException" />
				        <exclude class="java.io.FileNotFoundException" />
				    </skippable-exception-classes>
         		</chunk>
		  </tasklet>
        </step>
    </job>
    
    <job id="skipPolicyJob">
        <step id="skipPolicyStep">
          <tasklet>
				<chunk reader="reader" processor="processor"  writer="writer" 
				    commit-interval="2" skip-policy="alwaysSkipPolicy">
         		</chunk>
		  </tasklet>
        </step>
    </job>
    
    <bean:bean id="alwaysSkipPolicy" 
        class="org.springframework.batch.core.step.skip.AlwaysSkipItemSkipPolicy"/>
    <bean:bean id="reader" class="com.juxtapose.example.ch05.AutoReader" >
        <bean:property name="maxCount" value="100" />
    </bean:bean>
	<bean:bean id="writer" class="com.juxtapose.example.ch05.ConsoleWriter" />
	<bean:bean id="processor" 
	    class="com.juxtapose.example.ch05.RadomExceptionItemProcessor" />
</bean:beans>