<?xml version="1.0" encoding="UTF-8"?>
<bean:beans xmlns="http://www.springframework.org/schema/batch"    
    xmlns:bean="http://www.springframework.org/schema/beans" 
    xmlns:xsi="http://www.w3.org/2001/XMLSchema-instance"    
    xmlns:p="http://www.springframework.org/schema/p" 
    xmlns:tx="http://www.springframework.org/schema/tx"    
    xmlns:aop="http://www.springframework.org/schema/aop" 
    xmlns:context="http://www.springframework.org/schema/context"
    xmlns:task="http://www.springframework.org/schema/task" 
    xsi:schemaLocation="http://www.springframework.org/schema/beans 
    http://www.springframework.org/schema/beans/spring-beans-3.0.xsd  
    http://www.springframework.org/schema/tx 
    http://www.springframework.org/schema/tx/spring-tx-3.0.xsd  
    http://www.springframework.org/schema/aop 
    http://www.springframework.org/schema/aop/spring-aop-3.0.xsd  
    http://www.springframework.org/schema/context 
    http://www.springframework.org/schema/context/spring-context-2.5.xsd
    http://www.springframework.org/schema/batch 
    http://www.springframework.org/schema/batch/spring-batch-2.2.xsd
    http://www.springframework.org/schema/task 
    http://www.springframework.org/schema/task/spring-task-3.0.xsd">
    
    <bean:import resource="classpath:ch05/job-context.xml"/>
    <bean:import resource="classpath:ch05/job-context-db.xml"/>

    <step id="abstractParentStep" abstract="true">
        <tasklet>
            <chunk commit-interval="5" />
        </tasklet>
        <listeners>
			<listener ref="sysoutListener"></listener>
		</listeners>
    </step>
    <job id="subChunkJob">
        <step id="subChunkStep" parent="abstractParentStep">
          <tasklet>
				<chunk reader="reader" writer="writer" commit-interval="10" />
		  </tasklet>
		  <listeners merge="true">
				<listener ref="sysoutAnnotationListener"></listener>
		  </listeners>
        </step>
    </job>
    
    <job id="chunkJob">
        <step id="chunkStep">
          <tasklet>
				<chunk reader="reader" writer="writer" commit-interval="10" />
		  </tasklet>
		  <listeners>
				<listener ref="sysoutListener"></listener>
				<listener ref="sysoutAnnotationListener"></listener>
		  </listeners>
        </step>
    </job>
    
    <job id="chunkJobError">
        <step id="chunkStepError">
          <tasklet>
				<chunk reader="reader" writer="writer" commit-interval="10" />
		  </tasklet>
		  <listeners>
				<listener ref="errorListener"></listener>
		  </listeners>
        </step>
    </job>
    
    <job id="listenerJob">
        <step id="listenerStep">
          <tasklet>
				<chunk reader="reader20" processor="processor" writer="writer" 
				    commit-interval="1" retry-limit="1">
				    <retry-listeners>
				        <listener ref="retryListener"></listener>
				    </retry-listeners>
				    <retryable-exception-classes>
				        <include class="java.lang.RuntimeException" />
				    </retryable-exception-classes>
					<listeners>
						<listener ref="chunkListener"></listener>
						<listener ref="itemReadListener"></listener>
						<listener ref="itemProcessListener"></listener>
						<listener ref="itemWriteListener"></listener>
						<listener ref="skipListener"></listener>
			  		</listeners>
				</chunk>
		  </tasklet>
		  <listeners>
				<listener ref="stepExecutionListener"></listener>
		  </listeners>
        </step>
        <listeners>
            <listener ref="jobExecutionListener"></listener>
        </listeners>
    </job>    
    
    <job id="dbSkipJob">
        <step id="dbSkipStep">
          <tasklet>
				<chunk reader="radomExceptionAutoReader" processor="processor" writer="writer" 
				    commit-interval="5" skip-limit="20">
				    <skippable-exception-classes>
				        <include class="org.springframework.batch.item.file.FlatFileParseException" />
				    </skippable-exception-classes>
				    <listeners>
						<listener ref="dbSkipListener"></listener>
			  		</listeners>
         		</chunk>
		  </tasklet>
        </step>
    </job>
    
    
    <bean:bean id="jobExecutionListener" class="com.juxtapose.example.ch05.step.listener.SystemOutJobExecutionListener" />
    <bean:bean id="stepExecutionListener" class="com.juxtapose.example.ch05.step.listener.SystemOutStepExecutionListener" />
    <bean:bean id="chunkListener" class="com.juxtapose.example.ch05.step.listener.SystemOutChunkListener" />
    <bean:bean id="itemReadListener" class="com.juxtapose.example.ch05.step.listener.SystemOutItemReadListener" />
    <bean:bean id="itemProcessListener" class="com.juxtapose.example.ch05.step.listener.SystemOutItemProcessListener" />
    <bean:bean id="itemWriteListener" class="com.juxtapose.example.ch05.step.listener.SystemOutItemWriteListener" />
    <bean:bean id="retryListener" class="com.juxtapose.example.ch05.step.listener.SystemOutRetryListener" />
    <bean:bean id="skipListener" class="com.juxtapose.example.ch05.step.listener.SystemOutSkipListener" />
    <bean:bean id="dbSkipListener" class="com.juxtapose.example.ch05.step.listener.DBSkipListener" >
        <bean:property name="jdbcTemplate" ref="jdbcTemplate"></bean:property>
    </bean:bean>
    
    <bean:bean id="reader20" class="com.juxtapose.example.ch05.AutoReader" >
        <bean:property name="maxCount" value="0" />
    </bean:bean>
    <bean:bean id="reader" class="com.juxtapose.example.ch05.AutoReader" />
    <bean:bean id="radomExceptionAutoReader" class="com.juxtapose.example.ch05.RadomExceptionAutoReader" />
    <bean:bean id="processor" class="org.springframework.batch.item.support.PassThroughItemProcessor" />
	<bean:bean id="writer" class="com.juxtapose.example.ch05.ConsoleWriter" />
	<bean:bean id="sysoutListener" class="com.juxtapose.example.ch05.listener.SystemOutStepExecutionListener" />
	<bean:bean id="sysoutAnnotationListener" class="com.juxtapose.example.ch05.listener.SystemOut" />
	<bean:bean id="errorListener" class="com.juxtapose.example.ch05.listener.ErrorStepExecutionListener" />
</bean:beans>