<?xml version="1.0" encoding="UTF-8"?>
<bean:beans xmlns="http://www.springframework.org/schema/batch"    
    xmlns:bean="http://www.springframework.org/schema/beans" 
    xmlns:xsi="http://www.w3.org/2001/XMLSchema-instance"    
    xmlns:p="http://www.springframework.org/schema/p" 
    xmlns:tx="http://www.springframework.org/schema/tx"    
    xmlns:aop="http://www.springframework.org/schema/aop" 
    xmlns:context="http://www.springframework.org/schema/context"
    xmlns:task="http://www.springframework.org/schema/task" 
    xsi:schemaLocation="http://www.springframework.org/schema/beans 
    http://www.springframework.org/schema/beans/spring-beans-3.0.xsd  
    http://www.springframework.org/schema/tx 
    http://www.springframework.org/schema/tx/spring-tx-3.0.xsd  
    http://www.springframework.org/schema/aop 
    http://www.springframework.org/schema/aop/spring-aop-3.0.xsd  
    http://www.springframework.org/schema/context 
    http://www.springframework.org/schema/context/spring-context-2.5.xsd
    http://www.springframework.org/schema/batch 
    http://www.springframework.org/schema/batch/spring-batch-2.2.xsd
    http://www.springframework.org/schema/task 
    http://www.springframework.org/schema/task/spring-task-3.0.xsd">
    
    <bean:import resource="classpath:ch04/job-context.xml"/>

    <job id="chunkJob">
        <step id="chunkStep">
          <tasklet>
				<chunk reader="reader" writer="writer" commit-interval="10" />
			</tasklet>
        </step>
    </job>
    
    <job id="chunkBusinessJob">
        <step id="chunkBusinessStep">
          <tasklet>
				<chunk reader="reader" writer="writer" commit-interval="10" />
				<listeners>
				    <listener ref="stopListener"></listener>
				</listeners>
			</tasklet>
        </step>
    </job>
    
    <bean:bean id="reader" class="com.juxtapose.example.ch04.stop.AutoReader" />
	<bean:bean id="writer" class="com.juxtapose.example.ch04.stop.ConsoleWriter" />
	<bean:bean id="stopListener" class="com.juxtapose.example.ch04.stop.StopStepListener" />
    
	<bean:bean 
	    class="org.springframework.batch.core.configuration.support.JobRegistryBeanPostProcessor">
		<bean:property name="jobRegistry" ref="jobRegistry" />
	</bean:bean>
	
    <bean:bean id="jobRegistry" 
        class="org.springframework.batch.core.configuration.support.MapJobRegistry" />
    
    <bean:bean id="jobExplorer"
		class="org.springframework.batch.core.explore.support.JobExplorerFactoryBean">
		<bean:property name="dataSource" ref="dataSource" />	
	</bean:bean>
	
    <bean:bean id="jobOperator" 
        class="org.springframework.batch.core.launch.support.SimpleJobOperator">
    	<bean:property name="jobRepository" ref="jobRepository" />
    	<bean:property name="jobLauncher" ref="jobLauncherAsyn" />    	
    	<bean:property name="jobRegistry" ref="jobRegistry" />
    	<bean:property name="jobExplorer" ref="jobExplorer" />
    </bean:bean>
    
    <bean:bean class="org.springframework.jmx.export.MBeanExporter">
		<bean:property name="beans">
			<bean:map>
				<bean:entry key="com.juxtapose.example:name=jobOperator" 
				    value-ref="jobOperator" />
			</bean:map>
		</bean:property>
	</bean:bean>
    
</bean:beans>