<?xml version="1.0" encoding="UTF-8"?>
<bean:beans xmlns="http://www.springframework.org/schema/batch"    
    xmlns:bean="http://www.springframework.org/schema/beans" 
    xmlns:xsi="http://www.w3.org/2001/XMLSchema-instance"    
    xmlns:p="http://www.springframework.org/schema/p" 
    xmlns:tx="http://www.springframework.org/schema/tx"    
    xmlns:aop="http://www.springframework.org/schema/aop"
    xmlns:task="http://www.springframework.org/schema/task" 
    xmlns:context="http://www.springframework.org/schema/context"    
    xsi:schemaLocation="http://www.springframework.org/schema/beans 
    http://www.springframework.org/schema/beans/spring-beans-3.0.xsd  
    http://www.springframework.org/schema/tx 
    http://www.springframework.org/schema/tx/spring-tx-3.0.xsd  
    http://www.springframework.org/schema/aop 
    http://www.springframework.org/schema/aop/spring-aop-3.0.xsd  
    http://www.springframework.org/schema/context 
    http://www.springframework.org/schema/context/spring-context-2.5.xsd
    http://www.springframework.org/schema/batch 
    http://www.springframework.org/schema/batch/spring-batch-2.2.xsd
    http://www.springframework.org/schema/task 
    http://www.springframework.org/schema/task/spring-task-3.0.xsd">
    
    <context:property-placeholder location="classpath:/ch10/properties/batch-mysql.properties" />
    
    <bean:bean 
	    class="org.springframework.batch.core.configuration.support.JobRegistryBeanPostProcessor">
		<bean:property name="jobRegistry" ref="jobRegistry" />
	</bean:bean>
	
    <bean:bean id="jobRegistry" 
        class="org.springframework.batch.core.configuration.support.MapJobRegistry" />
    
    <bean:bean id="jobExplorer"
		class="org.springframework.batch.core.explore.support.JobExplorerFactoryBean">
		<bean:property name="dataSource" ref="dataSource" />	
	</bean:bean>
	
    <bean:bean id="jobOperator" 
        class="org.springframework.batch.core.launch.support.SimpleJobOperator">
    	<bean:property name="jobRepository" ref="jobRepository" />
    	<bean:property name="jobLauncher" ref="jobLauncher" />    	
    	<bean:property name="jobRegistry" ref="jobRegistry" />
    	<bean:property name="jobExplorer" ref="jobExplorer" />
    </bean:bean>
	
	<job-repository id="jobRepository" data-source="dataSource"
	    transaction-manager="transactionManager" isolation-level-for-create="SERIALIZABLE"
	    table-prefix="BATCH_" max-varchar-length="1000"
	/>
	
	<bean:bean id="jobLauncher" 
		class="org.springframework.batch.core.launch.support.SimpleJobLauncher">
		<bean:property name="jobRepository" ref="jobRepository"/>
	</bean:bean>
	
	<bean:bean id="transactionManager" 
			class="org.springframework.jdbc.datasource.DataSourceTransactionManager">
		<bean:property name="dataSource" ref="dataSource" />
	</bean:bean>
	
    <bean:bean id="dataSource" class="org.springframework.jdbc.datasource.DriverManagerDataSource">
  		<bean:property name="driverClassName">
   			<bean:value>${datasource.driver}</bean:value>
  		</bean:property>
  		<bean:property name="url">
   			<bean:value>${datasource.url}</bean:value>
  		</bean:property>
  		<bean:property name="username" value="${datasource.username}"></bean:property>
  		<bean:property name="password" value="${datasource.password}"></bean:property>
 	</bean:bean>
</bean:beans>