<?xml version="1.0" encoding="UTF-8"?>
<bean:beans xmlns="http://www.springframework.org/schema/batch"    
    xmlns:bean="http://www.springframework.org/schema/beans" 
    xmlns:xsi="http://www.w3.org/2001/XMLSchema-instance"    
    xmlns:p="http://www.springframework.org/schema/p" 
    xmlns:tx="http://www.springframework.org/schema/tx"    
    xmlns:aop="http://www.springframework.org/schema/aop"
    xmlns:task="http://www.springframework.org/schema/task" 
    xmlns:context="http://www.springframework.org/schema/context"
    xmlns:jdbc="http://www.springframework.org/schema/jdbc"    
    xsi:schemaLocation="http://www.springframework.org/schema/beans 
    http://www.springframework.org/schema/beans/spring-beans-3.0.xsd  
    http://www.springframework.org/schema/tx 
    http://www.springframework.org/schema/tx/spring-tx-3.0.xsd  
    http://www.springframework.org/schema/aop 
    http://www.springframework.org/schema/aop/spring-aop-3.0.xsd  
    http://www.springframework.org/schema/context 
    http://www.springframework.org/schema/context/spring-context-2.5.xsd
    http://www.springframework.org/schema/batch 
    http://www.springframework.org/schema/batch/spring-batch-2.2.xsd
    http://www.springframework.org/schema/task 
    http://www.springframework.org/schema/task/spring-task-3.0.xsd
    http://www.springframework.org/schema/jdbc 
    http://www.springframework.org/schema/jdbc/spring-jdbc-3.0.xsd">
    
    <jdbc:initialize-database data-source="dataSource">
    	<jdbc:script location="classpath:ch10/db/create-tables.sql" />
    	<jdbc:script location="classpath:ch10/db/create-table-skipbills.sql" />
  	</jdbc:initialize-database>
    
    <bean:bean id="simpleJdbcTemplate" class="org.springframework.jdbc.core.simple.SimpleJdbcTemplate">
    	<bean:constructor-arg ref="dataSource" />
    </bean:bean>

  	<bean:bean id="jdbcTemplate" class="org.springframework.jdbc.core.JdbcTemplate">
    	<bean:constructor-arg ref="dataSource" />
  	</bean:bean>
</bean:beans>