accountID,name,amount,date,address
## this line is first comment
4047390012345678,tom,100.00,2013-2-2 12:00:08,Lu Jia Zui road
## maybe address is not right
4047390012345678,tom,320.00,2013-2-3 10:35:21,Lu Jia Zui road
$$ this line is comment, begin with &&
4047390012345678,tom,674.70,2013-2-6 16:26:49,South Linyi road
4047390012345678,tom,793.20,2013-2-9 15:15:37,Longyang road
4047390012345678,tom,360.00,2013-2-11 11:12:38,Longyang road
## maybe time is not right
4047390012345678,tom,893.00,2013-2-28 20:34:19,Hunan road