{ "accountID": "4047390012345678",
"name": "tom",
"amount": 100.00,
"date": "2013-2-2 12:00:08",
"address": "Lu Jia Zui road"}
{ "accountID": "4047390012345678",
"name": "tom",
"amount": 320.00,
"date": "2013-2-3 10:35",
"address": "Lu Jia Zui road"}
{ "accountID": "4047390012345678",
"name": "tom",
"amount": 674.70,
"date": "2013-2-6 16:26:49",
"address": "South Linyi road"}
{ "accountID": "4047390012345678",
"name": "tom",
"amount": 793.20,
"date": "2013-2-9 15:15:37",
"address": "Longyang road"}
{ "accountID": "4047390012345678",
"name": "tom",
"amount": 360.00,
"date": "2013-2-11 11:12:38",
"address": "Longyang road"}
{ "accountID": "4047390012345678",
"name": "tom",
"amount": 893.00,
"date": "2013-2-28 20:34:19",
"address": "Hunan road"}