<?xml version="1.0" encoding="UTF-8"?>
<bean:beans xmlns="http://www.springframework.org/schema/batch"    
    xmlns:bean="http://www.springframework.org/schema/beans" 
    xmlns:xsi="http://www.w3.org/2001/XMLSchema-instance"    
    xmlns:p="http://www.springframework.org/schema/p" 
    xmlns:tx="http://www.springframework.org/schema/tx"    
    xmlns:aop="http://www.springframework.org/schema/aop" 
    xmlns:context="http://www.springframework.org/schema/context"    
    xsi:schemaLocation="http://www.springframework.org/schema/beans 
    http://www.springframework.org/schema/beans/spring-beans-3.0.xsd  
    http://www.springframework.org/schema/tx 
    http://www.springframework.org/schema/tx/spring-tx-3.0.xsd  
    http://www.springframework.org/schema/aop 
    http://www.springframework.org/schema/aop/spring-aop-3.0.xsd  
    http://www.springframework.org/schema/context 
    http://www.springframework.org/schema/context/spring-context-2.5.xsd
    http://www.springframework.org/schema/batch 
    http://www.springframework.org/schema/batch/spring-batch-2.2.xsd">
	
	<!-- 作业仓库 -->
	<job-repository id="jobRepository" data-source="dataSource"
	    transaction-manager="transactionManager" isolation-level-for-create="SERIALIZABLE"
	    table-prefix="BATCH_" max-varchar-length="1000"
	/>
	
	<!-- 作业调度器 -->
	<bean:bean id="jobLauncher" 
		class="org.springframework.batch.core.launch.support.SimpleJobLauncher">
		<bean:property name="jobRepository" ref="jobRepository"/>
	</bean:bean>
	
	<!-- 事务管理器 -->
	<bean:bean id="transactionManager" class="org.springframework.jdbc.datasource.DataSourceTransactionManager">
		<bean:property name="dataSource" ref="dataSource" />
	</bean:bean>
	
	<!-- 数据源 -->
    <bean:bean id="dataSource" class="org.springframework.jdbc.datasource.DriverManagerDataSource">
  		<bean:property name="driverClassName">
   			<bean:value>com.mysql.jdbc.Driver</bean:value>
  		</bean:property>
  		<bean:property name="url">
   			<bean:value>jdbc:mysql://127.0.0.1:3306/test1289</bean:value>
  		</bean:property>
  		<bean:property name="username" value="root"></bean:property>
  		<bean:property name="password" value="000000"></bean:property>
 	</bean:bean>
</bean:beans>