<?xml version="1.0" encoding="UTF-8"?>
<bean:beans xmlns="http://www.springframework.org/schema/batch"    
    xmlns:bean="http://www.springframework.org/schema/beans" 
    xmlns:xsi="http://www.w3.org/2001/XMLSchema-instance"    
    xmlns:p="http://www.springframework.org/schema/p" 
    xmlns:tx="http://www.springframework.org/schema/tx"    
    xmlns:aop="http://www.springframework.org/schema/aop" 
    xmlns:context="http://www.springframework.org/schema/context"    
    xsi:schemaLocation="http://www.springframework.org/schema/beans 
    http://www.springframework.org/schema/beans/spring-beans-3.0.xsd  
    http://www.springframework.org/schema/tx 
    http://www.springframework.org/schema/tx/spring-tx-3.0.xsd  
    http://www.springframework.org/schema/aop 
    http://www.springframework.org/schema/aop/spring-aop-3.0.xsd  
    http://www.springframework.org/schema/context 
    http://www.springframework.org/schema/context/spring-context-3.0.xsd
    http://www.springframework.org/schema/batch 
    http://www.springframework.org/schema/batch/spring-batch-2.2.xsd">
    
    <step id="abstractDecompressStep" abstract="true">
        <listeners>
            <listener ref="shareDataStepExecutionListener"></listener>
        </listeners>
    </step>
    
    <bean:bean id="shareDataStepExecutionListener"
        class="com.juxtapose.example.ch09.listener.ShareDataStepExecutionListener">
    </bean:bean>
    
    <bean:bean id="creditService"
        class="com.juxtapose.example.ch09.CreditServiceImpl">
    </bean:bean>
    
    <bean:bean id="decompressTasklet" scope="step"
        class="com.juxtapose.example.ch09.tasklet.DecompressTasklet">
        <bean:property name="creditService" ref="creditService" />
        <bean:property name="inputFile" value="#{jobParameters['inputFile']}" />
        <bean:property name="outputDirectory" value="#{jobParameters['workDirectory']}" />
    </bean:bean>
    
    <bean:bean id="verifyTasklet" scope="step"
        class="com.juxtapose.example.ch09.tasklet.VerifyTasklet">
        <bean:property name="creditService" ref="creditService" />
        <bean:property name="outputDirectory" value="#{jobParameters['workDirectory']}" />
        <bean:property name="readFileName" value="#{jobParameters['readFileName']}" />
    </bean:bean>
    
    <bean:bean id="cleanTasklet" scope="step"
        class="com.juxtapose.example.ch09.tasklet.CleanTasklet">
        <bean:property name="creditService" ref="creditService" />
        <bean:property name="outputDirectory" value="#{jobParameters['workDirectory']}" />
    </bean:bean>
    
    <bean:bean id="verifyStepExecutionListener"
        class="com.juxtapose.example.ch09.listener.VerifyStepExecutionListener">
    </bean:bean>
        
</bean:beans>