<?xml version="1.0" encoding="UTF-8"?>
<bean:beans xmlns:bean="http://www.springframework.org/schema/beans"
    xmlns:xsi="http://www.w3.org/2001/XMLSchema-instance"
    xmlns:p="http://www.springframework.org/schema/p"
    xmlns:tx="http://www.springframework.org/schema/tx"
    xmlns:aop="http://www.springframework.org/schema/aop"
    xmlns:context="http://www.springframework.org/schema/context"
    xmlns="http://www.springframework.org/schema/batch"
    xsi:schemaLocation="http://www.springframework.org/schema/beans 
    http://www.springframework.org/schema/beans/spring-beans-3.0.xsd  
    http://www.springframework.org/schema/tx 
    http://www.springframework.org/schema/tx/spring-tx-3.0.xsd  
    http://www.springframework.org/schema/aop 
    http://www.springframework.org/schema/aop/spring-aop-3.0.xsd  
    http://www.springframework.org/schema/context 
    http://www.springframework.org/schema/context/spring-context-3.0.xsd
    http://www.springframework.org/schema/batch 
    http://www.springframework.org/schema/batch/spring-batch-2.2.xsd" >

    <bean:import resource="classpath:ch09/job-context.xml" />
    <bean:import resource="classpath:ch09/job/base/job-tasklet.xml" />
    <bean:import resource="classpath:ch09/job/base/job-chunk-flat.xml" />

    <job id="conditionalEndJob" >
        <step id="decompressStep" parent="abstractDecompressStep" next="verifyStep" >
            <tasklet ref="decompressTasklet" />
        </step>
        <step id="verifyStep" >
            <tasklet ref="verifyTasklet" />
        	<end on="FAILED" exit-code="endExitCode"/>
        	<next on="SKIPTOCLEAN" to="cleanStep" />
            <next on="*" to="readWriteStep" />
            <listeners>
                <listener ref="verifyStepExecutionListener" />
            </listeners>
        </step>
        <step id="readWriteStep" parent="parentReadWriteStep" next="cleanStep" />
        <step id="cleanStep">
            <tasklet ref="cleanTasklet" />
        </step>
    </job>
    
</bean:beans>